<content width='540' height='720' buttoncolor='5d5d61' panelcolor='5d5d61' textcolor='ffffff' backgroundcolor='cccccc' hcover='false' gotolabel='Go to' pagecount="27" imagewid="1024" imagehei="1365" buttons="true" drag_btn="true" thumnail_btn="false" autofilp_btn="true" full_btn="true" print_btn="false" searchenable="true" share_btn="false" thumnailgroundcolor="ffffff" bjmusic="" bj_sound="false" flip_sound="true" filpinterval="2000" weburl="qcc.com.mx" custom_bj="" custom_btn="Orange" bgposition="stretch">
<page src='data/test0001.swf' width='540'  height='720' />
<page src='data/test0002.swf' width='540'  height='720' />
<page src='data/test0003.swf' width='540'  height='720' />
<page src='data/test0004.swf' width='540'  height='720' />
<page src='data/test0005.swf' width='540'  height='720' />
<page src='data/test0006.swf' width='540'  height='720' />
<page src='data/test0007.swf' width='540'  height='720' />
<page src='data/test0008.swf' width='540'  height='720' />
<page src='data/test0009.swf' width='540'  height='720' />
<page src='data/test0010.swf' width='540'  height='720' />
<page src='data/test0011.swf' width='540'  height='720' />
<page src='data/test0012.swf' width='540'  height='720' />
<page src='data/test0013.swf' width='540'  height='720' />
<page src='data/test0014.swf' width='540'  height='720' />
<page src='data/test0015.swf' width='540'  height='720' />
<page src='data/test0016.swf' width='540'  height='720' />
<page src='data/test0017.swf' width='540'  height='720' />
<page src='data/test0018.swf' width='540'  height='720' />
<page src='data/test0019.swf' width='540'  height='720' />
<page src='data/test0020.swf' width='540'  height='720' />
<page src='data/test0021.swf' width='540'  height='720' />
<page src='data/test0022.swf' width='540'  height='720' />
<page src='data/test0023.swf' width='540'  height='720' />
<page src='data/test0024.swf' width='540'  height='720' />
<page src='data/test0025.swf' width='540'  height='720' />
<page src='data/test0026.swf' width='540'  height='720' />
<page src='data/test0027.swf' width='540'  height='720' />
</content>